12070208;ð;ð
12070208;ø;ø
12070208;ø;ø
12070208;ø;ø
12070208;ø;ø
12070208;ø;ø
12070208;ø;ø
12070208;ø;ø
12070208;ø;ø
12070208;ø;ø
12070208;ø;ø
12070208;ø;ø
12070208;ø;ø
12070208;ø;ø
12070208;ø;ø
12070208;ø;ø
12070208;ø;ø
12070208;ø;ø
12070208;ø;ø
12070208;ø;ø
12070208;ø;ø
12070208;ø;ø
12070208;ø;ø
12070208;ø;ø
12070208;ø;ø
12070208;ø;ø
12070208;ø;ø
12070208;ø;ø
12070208;ø;ø
12070208;ø;ø
12070208;ø;ø
12070208;ø;ø
12070208;ø;ø
12070208;ø;ø
12070208;ø;ø
12070208;ø;ø
12070208;ø;ø
12070208;ø;ø
12070208;ø;ø
12070208;ø;ø
12070208;ø;ø
12070208;ø;ø
12070208;ø;ø
12070208;ø;ø
12070208;ø;ø
12070208;ø;ø
12070208;ø;ø
12070208;ø;ø
12070208;ø;ø
12070208;ø;ø
12070208;ø;ø
12070208;ø;ø
12070208;ø;ø
12070208;ø;ø
12070208;ø;ø
12070208;ø;ø
12070208;ø;ø
