11414848;ø®;
11414848;ø®;
11414848;ø®;
11414848;ø®;
11414848;ø®;
11414848;ø®;
11414848;ø®;
11414848;ø®;
11414848;ø®;À
11414848;ø®;À
11414848;ø®;À
11414848;ø®;À
11414848;ø®;À
11414848;ø®;À
11414848;ø®;À
11414848;ø®;À
11414848;ø®;À
-1819111024;;
858927408;;
-1414878808;;
454695192;;
-1819111024;;
2071624056;;
0;;
-606414376;;
0;;
1263159624;;
-606414376;;
454695192;;
1124073539;;
454695192;;
1263159624;;
0;;
454695192;;
2071624056;;
-1010646592;;
0;;
1667391840;;
858927408;;
-1414878808;;
-1010646592;;
1263159624;;
0;;
0;;
0;;
0;;
-1819111024;;
1667391840;;
-202182160;;
-1010646592;;
0;;
454695192;;
-202182160;;
0;;
1124073539;;
0;;
0;;
-1819111024;;
-1414878808;;
-1010646592;;
-202182160;;
0;;
-1819111024;;
-1414878808;;
-1010646592;;
-606414376;;
-202182160;;
0;;
-1819111024;;
-1414878808;;
-1010646592;;
-606414376;;
-202182160;;
0;;
-1819111024;;
-1414878808;;
-1010646592;;
-606414376;;
0;;
-1819111024;;
-1414878808;;
-1010646592;;
-606414376;;
0;;
-1819111024;;
-1414878808;;
-1010646592;;
-606414376;;
11414212;;
0;;
-1819111024;;
-1414878808;;
-1010646592;;
-606414376;;
-1414878808;;
0;;
-1819111024;;
-1414878808;;
-1010646592;;
0;;
-1819111024;;
0;;
-1010646592;;
-606414376;;
-202182160;;
0;;
-1819111024;;
-1414878808;;
-1010646592;;
-606414376;;
-202182160;;
0;;
-1819111024;;
-1414878808;;
